Estación,Horas Inútil (Sin Sistema),Horas Inútil (Con ML),% Inactiva (Sin Sistema),% Inactiva (Con ML),% Mejora
5 Mendizorrotza - Mendizorroza,869.5,539.8,34.03,21.12,37.9
6 Unibertsitatea - Universidad,557.0,557.3,21.8,21.81,-0.1
8 Tren geltokia - Estación de Tren,525.7,512.4,20.57,20.05,2.5
4 Antso Jakituna - Sancho el Sabio,522.2,398.6,20.43,15.6,23.7
10 AUO - HUA,451.2,312.6,17.66,12.23,30.7
12 Zabalganeko gizarte-etxea - CC Zabalgana,449.1,484.8,17.57,18.97,-8.0
9 Ibaiondoko gizarte-etxea - C.C. Ibaiondo,441.3,479.4,17.27,18.76,-8.6
7 Salburuko gizarte-etxea - C.C. Salburua,435.2,333.5,17.03,13.05,23.4
11 San Martin (Udala) - Ayuntamiento San Martín,409.5,237.9,16.02,9.31,41.9
2 Leizaola plaza - Plaza de Leizaola,343.3,440.1,13.43,17.22,-28.2
1 Autobus geltokia - Estación de autobuses,229.1,345.4,8.96,13.52,-50.8
3 Ballester apezpikua - Obispo Ballester,193.8,305.1,7.58,11.94,-57.4
