id_estacion,nombre_estacion,total_minutos,minutos_sin_bicis,minutos_sin_anclajes,minutos_inutilizada,pct_sin_bicis,pct_sin_anclajes,pct_inutilizada,tipo_indisponibilidad
st_d4sl14gvnoqc739efe8g,5 Mendizorrotza - Mendizorroza,110474.90791666666,31283.85256666667,499.6126,31774.181833333332,28.317609090260277,0.4522407933364084,28.76144676880039,Sin bicis
st_d4sl14h4gpvs73agnodg,6 Unibertsitatea - Universidad,110474.90791666666,23721.081583333333,100.16666666666667,23821.24825,21.471917950116417,0.0906691560605095,21.562587106176927,Sin bicis
st_d4sl14gvnoqc739efed0,10 AUO - HUA,110474.90791666666,21089.032283333334,193.33738333333332,21282.369666666666,19.089431872838666,0.1750056976550471,19.264437570493712,Sin bicis
st_d51sccd4faec738epl3g,12 Zabalganeko gizarte-etxea - CC Zabalgana,110474.90791666666,20483.61995,354.73333333333335,20838.353283333334,18.541422967694334,0.3210985553397478,18.862521523034083,Sin bicis
st_d4sl14gvnoqc739efea0,7 Salburuko gizarte-etxea - C.C. Salburua,110474.90791666666,20016.916966666668,518.5876166666667,20535.50458333333,18.118971397347362,0.46941665437535124,18.58838805172271,Sin bicis
st_d4sl14gvnoqc739efebg,9 Ibaiondoko gizarte-etxea - C.C. Ibaiondo,110474.90791666666,17200.109366666667,925.7012666666667,18125.810633333334,15.569245262137752,0.8379289778317269,16.40717423996948,Sin bicis
st_d4sl14d0ol7c73bfvs4g,4 Antso Jakituna - Sancho el Sabio,110474.90791666666,17738.568566666665,10.133333333333333,17748.7019,16.056649334387505,0.009172520280331078,16.065821854667835,Sin bicis
st_d7p43v8g4a6c73a823dg,8 Tren geltokia - Estación de Tren,110474.90791666666,15053.30605,419.0686666666667,15472.374716666667,13.625995562137055,0.3793338003800629,14.005329362517122,Sin bicis
st_d4sl14p4gpvs73agnoi0,11 San Martin (Udala) - Ayuntamiento San Martín,110474.90791666666,13192.477383333333,566.2142333333334,13758.691616666667,11.941605231555993,0.5125274544337612,12.454132685989755,Sin bicis
st_d4sl14emk29c73efcpf0,2 Leizaola plaza - Plaza de Leizaola,110474.90791666666,10119.838366666667,9.283333333333333,10129.1217,9.160304866966039,0.008403114796290148,9.16870798176233,Sin bicis
st_d4sl1494gpvs73agno80,1 Autobus geltokia - Estación de autobuses,110474.90791666666,8972.4057,4.933333333333334,8977.339033333334,8.121668412494227,0.004465569083845393,8.126133981578072,Sin bicis
st_d4sl14ffimdc73fprpdg,3 Ballester apezpikua - Obispo Ballester,110474.90791666666,7099.103116666667,34.3,7133.403116666666,6.425986905571043,0.031047774238357494,6.457034679809399,Sin bicis
