nombre_estacion,tipo_dia,total_minutos,minutos_sin_bicis,minutos_sin_anclajes,minutos_inutilizada,pct_inutilizada
1 Autobus geltokia - Estación de autobuses,Fin de semana,32836.33828333333,3047.490533333333,0.0,3047.490533333333,9.28084766041085
1 Autobus geltokia - Estación de autobuses,Laborable,81693.16963333334,6007.465166666667,4.933333333333334,6012.3985,7.3597321868960215
10 AUO - HUA,Fin de semana,32836.33828333333,6339.532683333333,184.05405,6523.5867333333335,19.866973829553025
10 AUO - HUA,Laborable,81693.16963333334,15182.1996,9.283333333333333,15191.482933333333,18.595781020026354
11 San Martin (Udala) - Ayuntamiento San Martín,Fin de semana,32836.33828333333,4825.096,0.0,4825.096,14.694379008907529
11 San Martin (Udala) - Ayuntamiento San Martín,Laborable,81693.16963333334,8502.614716666667,566.2142333333334,9068.82895,11.10108591783619
12 Zabalganeko gizarte-etxea - CC Zabalgana,Fin de semana,32836.33828333333,7432.281233333333,0.0,7432.281233333333,22.634318020489268
12 Zabalganeko gizarte-etxea - CC Zabalgana,Laborable,81693.16963333334,13051.338716666667,394.8666666666667,13446.205383333334,16.459399780525676
2 Leizaola plaza - Plaza de Leizaola,Fin de semana,32836.33828333333,3886.26515,0.0,3886.26515,11.835257380000082
2 Leizaola plaza - Plaza de Leizaola,Laborable,81693.16963333334,6268.089883333333,9.283333333333333,6277.373216666667,7.684085762422548
3 Ballester apezpikua - Obispo Ballester,Fin de semana,32836.33828333333,2606.0646,0.0,2606.0646,7.936526227477546
3 Ballester apezpikua - Obispo Ballester,Laborable,81693.16963333334,4493.0385166666665,34.3,4527.338516666667,5.541881331067087
4 Antso Jakituna - Sancho el Sabio,Fin de semana,32836.33828333333,5603.155583333333,10.133333333333333,5613.288916666666,17.09474688752306
4 Antso Jakituna - Sancho el Sabio,Laborable,81693.16963333334,12505.246316666668,0.0,12505.246316666668,15.307578801011706
5 Mendizorrotza - Mendizorroza,Fin de semana,32836.33828333333,7487.90295,30.0,7517.90295,22.89507095806674
5 Mendizorrotza - Mendizorroza,Laborable,81693.16963333334,24672.166283333332,469.6126,25132.49555,30.764500462894475
6 Unibertsitatea - Universidad,Fin de semana,32836.33828333333,7380.1914,0.0,7380.1914,22.47568330036954
6 Unibertsitatea - Universidad,Laborable,81693.16963333334,16438.10685,100.16666666666667,16538.273516666668,20.244377333987714
7 Salburuko gizarte-etxea - C.C. Salburua,Fin de semana,32836.33828333333,7676.922283333333,303.74533333333335,7980.667616666667,24.30437750946608
7 Salburuko gizarte-etxea - C.C. Salburua,Laborable,81693.16963333334,12819.81135,214.84228333333334,13034.653633333333,15.955622351094076
8 Tren geltokia - Estación de Tren,Fin de semana,32836.33828333333,4333.3309,409.5853333333333,4742.916233333333,14.44410820843774
8 Tren geltokia - Estación de Tren,Laborable,81693.16963333334,11059.07515,9.483333333333334,11068.558483333334,13.548939933427459
9 Ibaiondoko gizarte-etxea - C.C. Ibaiondo,Fin de semana,32836.33828333333,6691.12875,242.45235,6933.5811,21.115573363182406
9 Ibaiondoko gizarte-etxea - C.C. Ibaiondo,Laborable,81693.16963333334,10553.880616666667,683.2489166666667,11237.129533333333,13.755286499188834
