nombre_estacion,dia_semana,total_minutos,minutos_sin_bicis,minutos_sin_anclajes,minutos_inutilizada,pct_inutilizada
1 Autobus geltokia - Estación de autobuses,Domingo,16321.208066666666,1366.65,0.0,1366.65,8.373461047844575
1 Autobus geltokia - Estación de autobuses,Jueves,14903.594983333332,872.3692833333333,0.0,872.3692833333333,5.85341512775208
1 Autobus geltokia - Estación de autobuses,Lunes,16154.546433333333,637.9666666666667,0.0,637.9666666666667,3.9491462623195943
1 Autobus geltokia - Estación de autobuses,Martes,16272.995633333334,1705.2061333333334,0.0,1705.2061333333334,10.478747562866776
1 Autobus geltokia - Estación de autobuses,Miércoles,15459.313266666666,1520.76445,0.0,1520.76445,9.837205726848609
1 Autobus geltokia - Estación de autobuses,Sábado,16320.51355,1680.8405333333333,0.0,1680.8405333333333,10.298943891586877
1 Autobus geltokia - Estación de autobuses,Viernes,16057.485983333334,1271.1586333333332,4.933333333333334,1276.0919666666666,7.9470221427636325
10 AUO - HUA,Domingo,16321.208066666666,2633.8490333333334,84.53321666666666,2718.38225,16.65552107966714
10 AUO - HUA,Jueves,14903.594983333332,2820.4004,0.0,2820.4004,18.924295803489354
10 AUO - HUA,Lunes,16154.546433333333,2680.7265333333335,0.0,2680.7265333333335,16.59425440631323
10 AUO - HUA,Martes,16272.995633333334,4310.386366666667,0.0,4310.386366666667,26.48797101522809
10 AUO - HUA,Miércoles,15459.313266666666,3006.32455,0.0,3006.32455,19.446688854428157
10 AUO - HUA,Sábado,16320.51355,3705.68365,99.52083333333333,3805.2044833333334,23.31547026186154
10 AUO - HUA,Viernes,16057.485983333334,2254.11175,9.283333333333333,2263.3950833333333,14.095575644173664
11 San Martin (Udala) - Ayuntamiento San Martín,Domingo,16321.208066666666,2500.1557333333335,0.0,2500.1557333333335,15.318447771274252
11 San Martin (Udala) - Ayuntamiento San Martín,Jueves,14903.594983333332,1461.8874666666666,0.0,1461.8874666666666,9.8089586324742
11 San Martin (Udala) - Ayuntamiento San Martín,Lunes,16154.546433333333,1493.7961666666667,0.0,1493.7961666666667,9.246908743809506
11 San Martin (Udala) - Ayuntamiento San Martín,Martes,16272.995633333334,1410.2049,330.68916666666667,1740.8940666666667,10.698055268328396
11 San Martin (Udala) - Ayuntamiento San Martín,Miércoles,15459.313266666666,2031.6423833333333,10.075066666666666,2041.71745,13.207038467888133
11 San Martin (Udala) - Ayuntamiento San Martín,Sábado,16320.51355,2305.3402666666666,0.0,2305.3402666666666,14.125414985281923
11 San Martin (Udala) - Ayuntamiento San Martín,Viernes,16057.485983333334,1989.4504666666667,225.45,2214.9004666666665,13.793569360518793
12 Zabalganeko gizarte-etxea - CC Zabalgana,Domingo,16321.208066666666,3671.57115,0.0,3671.57115,22.495707027340515
12 Zabalganeko gizarte-etxea - CC Zabalgana,Jueves,14903.594983333332,3197.977083333333,0.0,3197.977083333333,21.457756245453705
12 Zabalganeko gizarte-etxea - CC Zabalgana,Lunes,16154.546433333333,1920.4065333333333,175.33333333333334,2095.739866666667,12.973065355411723
12 Zabalganeko gizarte-etxea - CC Zabalgana,Martes,16272.995633333334,1502.1818,179.4,1681.5818,10.333572489600352
12 Zabalganeko gizarte-etxea - CC Zabalgana,Miércoles,15459.313266666666,2121.1179666666667,0.0,2121.1179666666667,13.720648065527053
12 Zabalganeko gizarte-etxea - CC Zabalgana,Sábado,16320.51355,3760.7100833333334,0.0,3760.7100833333334,23.042841585909123
12 Zabalganeko gizarte-etxea - CC Zabalgana,Viernes,16057.485983333334,4309.655333333333,0.0,4309.655333333333,26.838916987419363
2 Leizaola plaza - Plaza de Leizaola,Domingo,16321.208066666666,2217.57325,0.0,2217.57325,13.587065620032268
2 Leizaola plaza - Plaza de Leizaola,Jueves,14903.594983333332,893.24155,0.0,893.24155,5.993463664296504
2 Leizaola plaza - Plaza de Leizaola,Lunes,16154.546433333333,859.7468166666666,0.0,859.7468166666666,5.322011485835732
2 Leizaola plaza - Plaza de Leizaola,Martes,16272.995633333334,1226.0833333333333,0.0,1226.0833333333333,7.534466062424576
2 Leizaola plaza - Plaza de Leizaola,Miércoles,15459.313266666666,1464.50175,0.0,1464.50175,9.47326523978109
2 Leizaola plaza - Plaza de Leizaola,Sábado,16320.51355,1634.1752333333334,0.0,1634.1752333333334,10.013013550871587
2 Leizaola plaza - Plaza de Leizaola,Viernes,16057.485983333334,1824.5164333333332,9.283333333333333,1833.7997666666668,11.420217140902606
3 Ballester apezpikua - Obispo Ballester,Domingo,16321.208066666666,1305.4479333333334,0.0,1305.4479333333334,7.998476142213345
3 Ballester apezpikua - Obispo Ballester,Jueves,14903.594983333332,683.0,0.0,683.0,4.582786909895216
3 Ballester apezpikua - Obispo Ballester,Lunes,16154.546433333333,400.48063333333334,25.016666666666666,425.4973,2.6339167227996434
3 Ballester apezpikua - Obispo Ballester,Martes,16272.995633333334,1019.9,0.0,1019.9,6.2674385403929795
3 Ballester apezpikua - Obispo Ballester,Miércoles,15459.313266666666,1315.5234333333333,0.0,1315.5234333333333,8.509585197227757
3 Ballester apezpikua - Obispo Ballester,Sábado,16320.51355,1300.6166666666666,0.0,1300.6166666666666,7.969214097841097
3 Ballester apezpikua - Obispo Ballester,Viernes,16057.485983333334,1074.13445,9.283333333333333,1083.4177833333333,6.74711959554474
4 Antso Jakituna - Sancho el Sabio,Domingo,16321.208066666666,2923.63725,0.0,2923.63725,17.91311793868396
4 Antso Jakituna - Sancho el Sabio,Jueves,14903.594983333332,2257.000466666667,0.0,2257.000466666667,15.144000284432494
4 Antso Jakituna - Sancho el Sabio,Lunes,16154.546433333333,2004.3215,0.0,2004.3215,12.40716666525702
4 Antso Jakituna - Sancho el Sabio,Martes,16272.995633333334,2572.1657666666665,0.0,2572.1657666666665,15.806344600731565
4 Antso Jakituna - Sancho el Sabio,Miércoles,15459.313266666666,2897.00715,0.0,2897.00715,18.739559125478877
4 Antso Jakituna - Sancho el Sabio,Sábado,16320.51355,2555.0183333333334,10.133333333333333,2565.1516666666666,15.717346508784747
4 Antso Jakituna - Sancho el Sabio,Viernes,16057.485983333334,2634.4847666666665,0.0,2634.4847666666665,16.40658300683617
5 Mendizorrotza - Mendizorroza,Domingo,16321.208066666666,3372.721633333333,0.0,3372.721633333333,20.664656804550834
5 Mendizorrotza - Mendizorroza,Jueves,14903.594983333332,4787.968783333334,34.99845,4822.967233333334,32.361099712699186
5 Mendizorrotza - Mendizorroza,Lunes,16154.546433333333,3861.1242833333336,100.10243333333334,3961.2267166666666,24.520816681631253
5 Mendizorrotza - Mendizorroza,Martes,16272.995633333334,4362.091516666666,310.2918833333333,4672.3834,28.71249710427727
5 Mendizorrotza - Mendizorroza,Miércoles,15459.313266666666,5382.084366666667,0.0,5382.084366666667,34.814511316434114
5 Mendizorrotza - Mendizorroza,Sábado,16320.51355,4090.36465,30.0,4120.36465,25.24653796816339
5 Mendizorrotza - Mendizorroza,Viernes,16057.485983333334,5427.497333333334,24.219833333333334,5442.4338333333335,33.89343661256961
6 Unibertsitatea - Universidad,Domingo,16321.208066666666,4178.7319333333335,0.0,4178.7319333333335,25.603079847181736
6 Unibertsitatea - Universidad,Jueves,14903.594983333332,1872.5017333333333,0.0,1872.5017333333333,12.564094337153882
6 Unibertsitatea - Universidad,Lunes,16154.546433333333,3553.721916666667,19.95,3573.6719166666667,22.121771919840118
6 Unibertsitatea - Universidad,Martes,16272.995633333334,3819.5074,75.28333333333333,3894.7907333333333,23.934073486477857
6 Unibertsitatea - Universidad,Miércoles,15459.313266666666,4570.54335,0.0,4570.54335,29.564983069817174
6 Unibertsitatea - Universidad,Sábado,16320.51355,3151.3428,0.0,3151.3428,19.309090920119974
6 Unibertsitatea - Universidad,Viernes,16057.485983333334,2606.53245,4.933333333333334,2611.4657833333335,16.263229412399124
7 Salburuko gizarte-etxea - C.C. Salburua,Domingo,16321.208066666666,3815.7640833333335,124.63503333333334,3940.3991166666665,24.142815290212933
7 Salburuko gizarte-etxea - C.C. Salburua,Jueves,14903.594983333332,2325.6988166666665,0.0,2325.6988166666665,15.604951820466754
7 Salburuko gizarte-etxea - C.C. Salburua,Lunes,16154.546433333333,1728.6311,169.64466666666667,1898.2757666666666,11.750721535268607
7 Salburuko gizarte-etxea - C.C. Salburua,Martes,16272.995633333334,3094.2327666666665,34.972233333333335,3129.205,19.229434275703905
7 Salburuko gizarte-etxea - C.C. Salburua,Miércoles,15459.313266666666,2520.0718166666666,0.0,2520.0718166666666,16.301318002918276
7 Salburuko gizarte-etxea - C.C. Salburua,Sábado,16320.51355,3861.1582,179.1103,4040.2685,24.75576817863063
7 Salburuko gizarte-etxea - C.C. Salburua,Viernes,16057.485983333334,2741.493516666667,10.225383333333333,2751.7189,17.136673218062352
8 Tren geltokia - Estación de Tren,Domingo,16321.208066666666,2390.5765333333334,229.98875,2620.5652833333334,16.056196775564665
8 Tren geltokia - Estación de Tren,Jueves,14903.594983333332,1951.3754833333332,0.0,1951.3754833333332,13.093320675417935
8 Tren geltokia - Estación de Tren,Lunes,16154.546433333333,1255.1798000000001,0.0,1255.1798000000001,7.769823839869988
8 Tren geltokia - Estación de Tren,Martes,16272.995633333334,3208.2881,0.0,3208.2881,19.715411791964083
8 Tren geltokia - Estación de Tren,Miércoles,15459.313266666666,2187.2143166666665,5.133333333333334,2192.34765,14.181403870811874
8 Tren geltokia - Estación de Tren,Sábado,16320.51355,1853.1543666666666,179.59658333333334,2032.75095,12.45518986747816
8 Tren geltokia - Estación de Tren,Viernes,16057.485983333334,2207.51745,4.35,2211.86745,13.774680870316688
9 Ibaiondoko gizarte-etxea - C.C. Ibaiondo,Domingo,16321.208066666666,1894.2206333333334,28.927733333333332,1923.1483666666666,11.78312511433743
9 Ibaiondoko gizarte-etxea - C.C. Ibaiondo,Jueves,14903.594983333332,2409.047666666667,0.0,2409.047666666667,16.164205142186844
9 Ibaiondoko gizarte-etxea - C.C. Ibaiondo,Lunes,16154.546433333333,1490.5790166666666,580.6765333333333,2071.25555,12.821502346399313
9 Ibaiondoko gizarte-etxea - C.C. Ibaiondo,Martes,16272.995633333334,2676.7839,34.24811666666667,2711.0320166666666,16.65969854446119
9 Ibaiondoko gizarte-etxea - C.C. Ibaiondo,Miércoles,15459.313266666666,2091.7213,54.55921666666667,2146.2805166666667,13.883414351234292
9 Ibaiondoko gizarte-etxea - C.C. Ibaiondo,Sábado,16320.51355,4796.9081166666665,213.52461666666667,5010.432733333333,30.700214904287332
9 Ibaiondoko gizarte-etxea - C.C. Ibaiondo,Viernes,16057.485983333334,1840.8487333333333,13.76505,1854.6137833333332,11.549839029959648
